Company Name,Address,Entry Date,Contact Email
Eros Turpis Non Incorporated,784-6809 Lacus. Street,"November 2nd, 2018",iaculis@nisiMauris.co.uk
Augue Id Ante Inc.,116-1533 Inceptos Street,"April 28th, 2019",Duis.mi@magnisdisparturient.org
Lectus Sit LLC,9980 Nibh St.,"September 19th, 2018",convallis.est.vitae@Maecenas.co.uk
Nunc Id Limited,Ap #921-4674 Lorem Rd.,"August 27th, 2018",dui.semper@infelisNulla.edu
Malesuada Incorporated,306-3791 Elit St.,"January 15th, 2019",a.mi.fringilla@vehiculaPellentesque.edu
Magna Sed Dui Foundation,462-1084 Aliquam Road,"July 23rd, 2018",pede.Cras.vulputate@inmagna.org
Malesuada Malesuada Integer Inc.,647-6266 Etiam Street,"July 8th, 2018",risus@lectussitamet.net
Molestie Dapibus Institute,Ap #732-6672 Volutpat. Rd.,"August 23rd, 2019",Etiam.vestibulum@mauris.co.uk
Massa Integer Associates,"P.O. Box 464, 6382 Feugiat Rd.","December 8th, 2017",libero@amet.com
Porttitor Eros LLP,Ap #754-5392 Rutrum. Road,"February 28th, 2018",nonummy.ultricies@commodo.com
Et Eros Proin LLC,"P.O. Box 653, 7026 Mauris St.","November 15th, 2018",netus@risus.co.uk
Ligula Nullam PC,574 Velit. Road,"February 8th, 2018",neque.vitae.semper@quisurnaNunc.ca
Iaculis Limited,7676 Dolor Av.,"December 18th, 2018",Quisque@magna.ca
A Consulting,Ap #474-3209 Enim. Av.,"August 1st, 2019",tristique.pellentesque@Donec.co.uk
Fringilla Foundation,424-5066 Id Av.,"August 21st, 2019",a.malesuada.id@luctusCurabitur.org
Fermentum Metus Associates,Ap #843-7202 Nisi Ave,"June 23rd, 2018",in@mauriseu.org
Ac Urna Ut Ltd,"2867 Erat, Rd.","March 1st, 2019",sit@fermentumrisusat.com
Vivamus Euismod Corporation,673-5524 Urna Rd.,"April 30th, 2018",non@Phasellus.net
Quisque Libero Lacus Institute,556-9333 Tempor Avenue,"May 29th, 2018",ipsum.dolor.sit@Praesenteunulla.net
Mauris Non Dui Industries,669-9833 Ullamcorper Av.,"September 19th, 2018",facilisis.magna.tellus@neceleifend.net
Nulla Integer Ltd,463-4501 Justo Ave,"October 21st, 2018",nulla.ante@aliquetPhasellus.net
Sapien Ltd,135-5015 Fringilla Avenue,"July 25th, 2018",varius.orci@ligulaNullam.ca
Nibh Phasellus Nulla Incorporated,642-4119 Sem. Ave,"November 19th, 2017",metus.In.nec@tortorat.net
Nam Consequat Consulting,Ap #960-1238 Magna. Avenue,"May 15th, 2018",cursus.purus@mi.com
Sed Congue Incorporated,219-2825 Duis St.,"April 3rd, 2019",fermentum.vel.mauris@urnasuscipitnonummy.org
Facilisis Magna Tellus Inc.,"P.O. Box 907, 4748 Sem St.","January 2nd, 2019",velit.eu@Crassedleo.ca
Montes Nascetur Ridiculus PC,"P.O. Box 316, 5811 Egestas Rd.","August 10th, 2018",ac.mi@etrisus.org
Sed PC,841-2731 Interdum Rd.,"October 22nd, 2019",In.condimentum.Donec@pellentesqueeget.edu
Sed Libero Proin Incorporated,592-1249 Eu Avenue,"December 20th, 2017",urna@Aenean.net
Convallis Ligula Corporation,"P.O. Box 984, 2646 Dictum St.","October 30th, 2019",senectus.et@Etiamligulatortor.co.uk
Convallis Incorporated,"P.O. Box 568, 8686 Laoreet Av.","October 13th, 2018",a.neque.Nullam@ut.ca
At Augue Id Limited,392 Et Street,"September 30th, 2018",In@Cras.org
Leo Corp.,316-4861 Nulla Rd.,"May 20th, 2018",in@adipiscingelit.co.uk
Ultrices Institute,876 Quam Rd.,"April 24th, 2018",Phasellus.elit@Aenean.ca
Tellus Aenean Egestas Industries,949-6600 Placerat. Avenue,"June 5th, 2019",in.tempus@ipsumcursusvestibulum.co.uk
Donec Dignissim Magna Institute,843-2256 Turpis Rd.,"August 24th, 2018",Curabitur.massa@urna.com
A Ultricies Adipiscing Corp.,682-1577 Enim Road,"April 6th, 2019",Nunc.mauris@consectetueradipiscing.edu
Penatibus PC,914-9722 Ante Rd.,"February 1st, 2019",rutrum.urna@ametloremsemper.org
Sit Amet Ornare Incorporated,675-766 Dolor Rd.,"June 26th, 2018",non.hendrerit.id@porttitorscelerisqueneque.edu
Ipsum Nunc Institute,1878 Nisl Av.,"September 2nd, 2018",sollicitudin@risusDonec.co.uk
Lobortis Incorporated,5306 Fringilla Rd.,"May 8th, 2018",ipsum.primis.in@mus.com
Fusce Diam Nunc Company,"P.O. Box 646, 7503 Vitae Rd.","September 23rd, 2018",malesuada.ut@risusvarius.net
Non PC,Ap #764-8400 Nullam St.,"March 12th, 2019",cubilia@ut.edu
Sapien Cras Consulting,"P.O. Box 200, 6154 Fames Ave","January 17th, 2019",augue@aliquamenimnec.org
Lacinia Sed Congue PC,4486 Elementum Avenue,"December 21st, 2018",at.augue@ultriciesdignissim.edu
Quisque Company,449-2468 Diam Av.,"January 10th, 2019",sem.egestas.blandit@interdum.com
Mollis Vitae Posuere Limited,Ap #831-4272 Velit. Road,"November 23rd, 2017",erat@euismodac.org
Nulla Corporation,5800 A St.,"March 19th, 2019",tristique.aliquet.Phasellus@lobortistellusjusto.com
Lobortis Quam A Institute,Ap #213-2066 Ornare. Rd.,"May 1st, 2019",facilisis@ornare.ca
At Nisi Incorporated,"P.O. Box 622, 9479 Mus. St.","February 12th, 2019",magna.a@tristiquesenectus.org
Nisl Arcu Iaculis LLP,Ap #804-6624 Sed Street,"October 17th, 2018",facilisis.facilisis@molestiesodalesMauris.org
Aliquam Corporation,6695 Nibh Road,"November 16th, 2019",non.justo.Proin@lacusCras.edu
Suscipit Industries,"P.O. Box 585, 6656 Molestie Road","November 9th, 2019",nunc.interdum@justo.edu
Ipsum Dolor Sit LLP,"P.O. Box 158, 5764 Urna Road","October 23rd, 2018",commodo.at.libero@vitae.ca
Pede Suspendisse Ltd,Ap #179-2831 Hymenaeos. Av.,"November 17th, 2018",Cum@mattisInteger.org
Velit Eget Ltd,5448 Congue Avenue,"September 5th, 2019",cursus@fermentumvelmauris.ca
Vitae Erat Company,434-460 Parturient Avenue,"September 18th, 2019",lectus.convallis.est@faucibus.ca
Dictum Placerat Augue Incorporated,Ap #351-1041 Suspendisse Street,"October 14th, 2018",ornare@enimEtiam.com
Fusce Mi Lorem Institute,6137 Neque. Street,"July 24th, 2019",at@nonbibendum.co.uk
Duis Foundation,"P.O. Box 845, 3928 Sagittis Av.","April 21st, 2019",elit.Etiam.laoreet@Etiamgravida.com
Fermentum Fermentum Arcu Incorporated,Ap #244-8145 Nam Rd.,"March 25th, 2019",parturient@eleifendegestasSed.ca
Sociosqu Ad PC,"P.O. Box 727, 1031 Senectus Street","June 1st, 2018",egestas.blandit@auctornon.org
Suspendisse Sagittis PC,626-2576 Tristique Street,"August 3rd, 2019",diam.nunc@ac.edu
Tortor LLP,"P.O. Box 888, 612 Dictum Rd.","October 5th, 2019",at.velit.Pellentesque@eueuismod.co.uk
Lectus PC,8846 Adipiscing Rd.,"July 28th, 2019",rutrum@etmagnis.co.uk
Nibh PC,"P.O. Box 810, 894 Quis St.","July 10th, 2019",pharetra.Nam@quis.edu
Dolor Nonummy Ac Ltd,"5897 Felis, Rd.","June 25th, 2019",dapibus@Sed.ca
Molestie Inc.,"P.O. Box 115, 8589 Mauris Avenue","May 11th, 2018",dolor@Duisvolutpat.net
Eget Mollis Lectus Inc.,Ap #872-5485 Curabitur Road,"July 12th, 2019",at.arcu.Vestibulum@mattis.org
Id Sapien Cras PC,"P.O. Box 621, 3297 Leo, Ave","January 31st, 2019",Proin@gravidamaurisut.org
Ac LLC,8099 Leo. Rd.,"March 4th, 2019",conubia@enimNunc.net
Tincidunt Dui Institute,"P.O. Box 171, 4541 Amet Ave","April 26th, 2019",neque.tellus.imperdiet@viverraDonectempus.edu
Molestie Tellus PC,1900 Aliquet Road,"December 2nd, 2018",Nunc.sollicitudin@loremloremluctus.net
Ante Nunc Mauris LLP,706-8386 Cum Avenue,"May 14th, 2019",mi.felis.adipiscing@dolorFuscemi.ca
Fermentum Vel Mauris PC,Ap #378-3377 Tortor Ave,"September 7th, 2018",dictum.Proin.eget@fermentumconvallis.org
Vel Convallis Limited,753-6838 Sem St.,"February 20th, 2019",iaculis.quis.pede@Nunclaoreet.com
Nunc Sollicitudin Commodo Corp.,Ap #594-7044 Vitae Av.,"April 25th, 2018",lorem.ipsum@Nunc.edu
Euismod Et Inc.,Ap #338-8123 Malesuada Road,"January 13th, 2018",neque.sed@semmagnanec.org
Nascetur Ridiculus Mus LLC,2992 Massa Street,"October 5th, 2018",a.facilisis@vitae.com
Quam Limited,"P.O. Box 153, 5597 Nulla. St.","November 30th, 2018",risus.a@ante.ca
Aptent Taciti Sociosqu Inc.,Ap #736-3212 Turpis Av.,"May 17th, 2019",erat.semper.rutrum@lobortistellus.org
Ultrices Sit LLP,Ap #776-8561 Auctor. Rd.,"February 16th, 2019",interdum.ligula.eu@hendrerit.net
Sed Pede Cum Corp.,"P.O. Box 886, 9017 Donec Street","November 4th, 2018",dapibus.quam@ipsumprimis.org
Gravida Sit Amet PC,Ap #920-8100 Taciti Road,"July 24th, 2019",aliquam.iaculis@eu.org
Ac Mi Eleifend Corp.,"P.O. Box 107, 3078 Rhoncus. Street","December 8th, 2018",Donec@sagittisaugueeu.net
Donec Luctus Aliquet Associates,578-6516 Ornare Avenue,"February 3rd, 2019",auctor@ataugue.co.uk
Vehicula LLP,"P.O. Box 389, 8950 Lobortis Avenue","February 19th, 2019",ullamcorper@afelis.net
In Lobortis Tellus PC,"9004 Odio, Ave","October 6th, 2018",convallis.convallis@Quisque.ca
Fusce Feugiat Limited,Ap #962-3151 Iaculis St.,"April 21st, 2019",Duis.a.mi@nibh.ca
Venenatis Vel LLP,145-941 Nunc. Rd.,"September 7th, 2018",posuere.vulputate@Duisat.net
Accumsan Company,"921-3352 Non, Av.","November 14th, 2019",eu.nulla@nonjusto.org
Nec Euismod In PC,731-8853 Ut Rd.,"February 22nd, 2018",sollicitudin.adipiscing@antedictummi.edu
Quisque Purus Sapien Limited,Ap #379-5131 Malesuada St.,"September 14th, 2018",In.at@egetlacus.co.uk
Laoreet Ipsum Curabitur PC,285-3670 Lacus. Rd.,"July 25th, 2018",sed@bibendumfermentum.edu
Sed LLC,"P.O. Box 747, 2730 Libero Ave","November 1st, 2018",orci.tincidunt@iaculisaliquetdiam.co.uk
Nisl Elementum Purus PC,Ap #253-2239 Tellus Street,"August 11th, 2019",luctus.felis.purus@diamlorem.com
Proin Mi Incorporated,"P.O. Box 390, 1983 Varius Ave","April 6th, 2018",cubilia.Curae.Phasellus@anteiaculisnec.com
In Lorem Foundation,"5715 Montes, Avenue","April 28th, 2018",Proin.non@Namnullamagna.co.uk
Pellentesque Ultricies Corp.,6626 Enim. Street,"February 16th, 2019",velit.in@tellusNunclectus.co.uk
Feugiat LLP,190-7894 Curae; Road,"November 14th, 2019",vestibulum.neque@ornareIn.ca